"id_cliente","valor_compra","nome_loja"
"3","110.0","postoshell"
"1","2000.9","magalu"
"3","1100.0","shopee"
"5","500.43","magalu"
"1","150.7","subway"
"2","210.99","postoshell"
"4","1300.5","magalu"
